{"client_meta":{"background_color":{"r":0.11764705926179886,"g":0.11764705926179886,"b":0.11764705926179886,"a":1},"thumbnail_size":{"width":355,"height":400},"render_coordinates":{"x":-7724,"y":-10242,"width":15447,"height":17410}},"file_name":"Music file (Git Hub)","developer_related_links":[]}